UserId,name,age,salary,password,domain,email,number,secondbuyer_name,secondbuyer_age,secondbuyer_salary,relationship
1,Ealasaid MacCarrane,33,18718,QhNBYrUksVB,NonAgent,gjanes0@odnoklassniki.ru,(849) 6369380,Gussie Janes,37,6477,Sibling
2,Leanna Jelf,84,52443,cUmzPcMAZTW,NonAgent,rdionisetto1@gov.uk,(799) 7013564,Reba Dionisetto,72,2875,Father
3,Grant Alflatt,24,66738,NClWwh4iyU,NonAgent,mbellin2@godaddy.com,(247) 7597443,Maye Bellin,68,7143,Husband
4,Guthrie Andrault,100,55536,XuSxEjS,NonAgent,vblackford3@barnesandnoble.com,(239) 8626931,Verla Blackford,53,9484,Wife
5,Wendi Leese,73,54951,vBrMTmFxG,NonAgent,bjude4@furl.net,(611) 7465807,Bev Jude,86,8778,Husband
6,Rona Pates,23,77500,khKZvtR4LKdP,NonAgent,gbutting5@yandex.ru,(780) 8189077,Gabbie Butting,46,7462,Secondary Relative
7,Esme Bradneck,24,58172,qbfFeLJh2RZe,NonAgent,fthredder6@bluehost.com,(145) 9072560,Fredia Thredder,58,6694,Mother
8,Burgess Quernel,20,52290,XexH6RK9lqhl,NonAgent,gottiwill7@seesaa.net,(512) 5556196,Gavrielle Ottiwill,21,247,Husband
9,Jolee Disbrow,54,29107,ok2o8zlC3,NonAgent,smccorley8@e-recht24.de,(908) 5282396,Sydel McCorley,57,9698,Father
10,Ringo Mazzei,48,97422,fDOdeMQIJUzI,NonAgent,dcaldecourt9@jugem.jp,(920) 4723102,Druci Caldecourt,62,4437,Father
11,Amory Daenen,64,80950,leQM2lQ,NonAgent,ppallya@lulu.com,(526) 2015842,Panchito Pally,76,8443,Father
12,Antonius Blakiston,38,59211,OqCuIK1f3,NonAgent,echadwellb@youku.com,(991) 7330753,Erinn Chadwell,51,2518,Father
13,Merralee Szachniewicz,33,70526,FkbzCl42TQq,NonAgent,srothermelc@over-blog.com,(981) 4379910,Sibbie Rothermel,88,2804,Father
14,Karlie Benduhn,65,10133,zJ4uBc2MxK2,NonAgent,rwaymand@networksolutions.com,(212) 7537478,Rochette Wayman,60,9635,Father
15,Rouvin Laxton,99,56439,ecZUA5xp0TUX,NonAgent,aspreage@goo.ne.jp,(253) 4431774,Archie Spreag,57,9304,Husband
16,Maryanna Renzini,71,82063,BK7Dec,NonAgent,rheretyf@ox.ac.uk,(715) 3022016,Roseanne Herety,81,4885,Husband
17,Rochester Abrahams,59,90242,f1D8Cytpl6,NonAgent,hrowbottamg@google.com,(157) 2863920,Heddi Rowbottam,84,6849,Husband
18,Pippo Gravenor,36,85194,nGxVo6annGF,NonAgent,mnorcockh@plala.or.jp,(839) 8730880,Maddie Norcock,27,4043,Sibling
19,Ian Whitwell,64,67549,N0cwOHVbyg,NonAgent,gcrotheri@ftc.gov,(725) 2321188,Gradey Crother,63,5269,Mother
20,Barron Chillistone,85,69201,W87GE9H,NonAgent,sbaldwinj@springer.com,(254) 2291904,Selinda Baldwin,76,1108,Secondary Relative
21,Genia Renad,39,75744,NRh89LbG8,NonAgent,jcaudrayk@360.cn,(487) 3279834,Jennie Caudray,46,4048,Father
22,Catharine Hetterich,98,70224,B42JYQLo,NonAgent,kwallworkl@networksolutions.com,(861) 1721015,Kimbra Wallwork,50,5284,Sibling
23,Tally Gardner,98,30700,IGoyDC,NonAgent,fbrownillm@smh.com.au,(368) 6833298,Flossi Brownill,37,2657,Wife
24,Rosa Richards,100,64002,PHhcCD5,NonAgent,kburgern@psu.edu,(351) 4459146,Karalee Burger,66,4621,Mother
25,Bary Gosnoll,54,98338,h1df5ThHXB,NonAgent,bfarndono@apple.com,(564) 8957159,Beniamino Farndon,64,2786,Secondary Relative
26,Licha Cantopher,74,31063,1LJdjOt2L,NonAgent,tsangarp@cargocollective.com,(837) 1169688,Tonya Sangar,53,9296,Father
27,Chadd Bazire,76,55827,WPNu5x1tb,NonAgent,cgodmerq@github.io,(832) 3728546,Coral Godmer,72,9199,Sibling
28,Carlos Healing,33,39483,BJVrkMK0UceA,NonAgent,tgalvinr@accuweather.com,(215) 4790478,Tully Galvin,41,7262,Father
29,Monroe Shervington,27,82415,vviOXb0x4DnI,NonAgent,bwoodhouses@cyberchimps.com,(701) 4979237,Bidget Woodhouse,84,4085,Mother
30,Meir Gladyer,60,6463,lenRwINfxJ1,NonAgent,planfaret@illinois.edu,(430) 9579998,Paxon Lanfare,80,6974,Mother
31,Alaric O'Lyhane,99,75734,Ra8hApnj,NonAgent,pcalamu@slashdot.org,(664) 1241282,Patin Calam,57,8763,Wife
32,Sada Brehaut,94,7678,FUIFgRM,NonAgent,couldcottv@auda.org.au,(433) 4278748,Cherrita Ouldcott,81,6247,Sibling
33,Jannel Sandwick,96,84434,uWyeqXQkXKtI,NonAgent,ctucsellw@parallels.com,(496) 1004655,Candi Tucsell,70,9971,Mother
34,Arin Merck,18,31003,tl8EQ4C,NonAgent,gdorringtonx@behance.net,(861) 5710014,Giorgio Dorrington,36,1070,Mother
35,Glennis Chamberlaine,93,59298,IDJANCh6o,NonAgent,riohananofy@vistaprint.com,(901) 6103903,Ruben Iohananof,88,2341,Wife
36,Arda Fromont,66,10324,u1fVYM4,NonAgent,vmurtellz@alibaba.com,(131) 8983547,Verla Murtell,36,9876,Wife
37,Antons Faill,20,74382,aABxg1N,NonAgent,gkeating10@youtu.be,(845) 7469210,Grethel Keating,60,7963,Father
38,Darla Doughill,92,6148,wLNhvH8Rd,NonAgent,gstoner11@acquirethisname.com,(784) 4247704,Gleda Stoner,84,3013,Father
39,Dalton Tidey,77,41390,16tEYOcuCw,NonAgent,gcuddehy12@ftc.gov,(710) 3734388,Gregoire Cuddehy,32,4635,Husband
40,Jennilee Sibbering,83,53174,rONHaNUFqS,NonAgent,mkhristyukhin13@unblog.fr,(636) 9807540,Marquita Khristyukhin,59,9585,Husband
41,Quincy Alexsandrovich,28,25538,dwxZS0uy5,NonAgent,ccecchi14@sciencedirect.com,(554) 8202394,Chic Cecchi,72,5163,Husband
42,Prescott Tebbett,78,86575,2WVgce0NFYfC,NonAgent,ajoscelyn15@i2i.jp,(541) 9449583,Alejoa Joscelyn,74,4261,Mother
43,Amargo Pirrone,37,91125,7HJ4vvCjEa0,NonAgent,btitherington16@ucoz.com,(311) 7147827,Burk Titherington,51,462,Husband
44,Dollie Iacovozzo,93,21358,P77ofi,NonAgent,wreadwin17@cpanel.net,(234) 2125895,Welby Readwin,87,5977,Wife
45,Merrile Gowling,89,55269,YhK6HH7,NonAgent,bboribal18@google.com.au,(848) 3991643,Bronson Boribal,79,6975,Secondary Relative
46,Felipa Bodill,64,76152,5xTNIIDIOBbB,NonAgent,bmarvell19@mapquest.com,(925) 4243687,Barton Marvell,41,5052,Wife
47,Alisander MacAnellye,62,87122,tD0ei3,NonAgent,jstarmont1a@dagondesign.com,(184) 3187866,Joshua Starmont,35,3359,Secondary Relative
48,Julieta Batisse,44,52324,G95uqz,NonAgent,ciskov1b@dailymail.co.uk,(324) 6470705,Charles Iskov,85,2066,Wife
49,Joline Vaudre,29,93434,O3DT6KFvkT,NonAgent,cpauletto1c@wikipedia.org,(940) 8139635,Cullie Pauletto,38,8444,Father
50,Chadd Tinklin,94,39830,Gmp0lo,NonAgent,wberndt1d@typepad.com,(876) 6608351,Wyatan Berndt,85,9356,Mother
51,Raul Coopland,66,63272,2PdKVfN6iz,NonAgent,okimm1e@stanford.edu,(109) 2180177,Orel Kimm,71,3681,Secondary Relative
52,Gladi Kollach,25,14144,QzmjU1,NonAgent,pqueree1f@tripod.com,(110) 4519409,Petr Queree,45,9186,Husband
53,Ly Pettigrew,80,57124,KrJuhjQZD5,NonAgent,rgregorowicz1g@blogspot.com,(825) 7160644,Rodie Gregorowicz,28,368,Father
54,Freddie Terrey,89,45051,oq4diN9sGSo3,NonAgent,fgwillym1h@psu.edu,(128) 1136913,Felicle Gwillym,38,3932,Husband
55,Keslie Afield,44,35924,or1y0Wsk,NonAgent,lbeere1i@nasa.gov,(305) 4588118,Loralyn Beere,47,5021,Wife
56,Zandra Porker,65,80122,KHccFw,NonAgent,dlewisham1j@nydailynews.com,(734) 4679754,Deane Lewisham,80,6188,Mother
57,Ezekiel Flegg,82,90832,MugKwwVI,NonAgent,udulake1k@cisco.com,(950) 5936710,Uriah Dulake,75,5839,Secondary Relative
58,Blanch Barme,84,70027,HVEjfoSLw,NonAgent,sedden1l@webs.com,(276) 9565088,Sallyann Edden,73,2172,Father
59,Cesaro Dumberell,40,43028,wvRYtlUe,NonAgent,snotman1m@cisco.com,(701) 1365463,Sharlene Notman,29,4980,Father
60,Diandra Bourtoumieux,56,26516,yjdET5mK,NonAgent,lkelby1n@webnode.com,(955) 7444960,Lorens Kelby,64,9622,Sibling
61,Vincenz Calltone,80,43075,lQL4euGY,NonAgent,imcgifford1o@prnewswire.com,(926) 8701772,Iris McGifford,34,6180,Secondary Relative
62,Ly Borrel,45,40052,ipv1dOj,NonAgent,vsearsby1p@addthis.com,(150) 9619281,Vidovik Searsby,46,9647,Wife
63,Christiane Seary,45,29079,x6dW6cbuO0xt,NonAgent,nbamlet1q@vimeo.com,(531) 2417738,Nicoline Bamlet,68,3345,Husband
64,Virgie Whetton,50,6383,TXzPW5JE4J,NonAgent,tloudyan1r@nifty.com,(883) 8520282,Tobias Loudyan,49,5325,Mother
65,Alane Najafian,68,66610,R25ae9AuC9y,NonAgent,lclohisey1s@nytimes.com,(325) 1669466,Lamont Clohisey,26,3711,Wife
66,Judith Hendrich,81,79971,RqUeQd8,NonAgent,shanwell1t@weather.com,(815) 2697854,Sawyere Hanwell,29,3151,Husband
67,Montague Durrance,56,72775,BwfiLi,NonAgent,abibbie1u@webs.com,(863) 9148692,Adorne Bibbie,41,4643,Father
68,Sansone Sheldrick,87,47454,dIII5kflEx,NonAgent,pshakesbye1v@epa.gov,(329) 1307126,Pauline Shakesbye,69,8484,Father
69,Hubey Kolodziejski,37,33900,KpulgLSrZ,NonAgent,gkenna1w@gnu.org,(707) 5050675,Gottfried Kenna,48,7615,Husband
70,Rozella Darell,52,73149,GEcHWFZkdP,NonAgent,ncleminshaw1x@elegantthemes.com,(448) 7974790,Nick Cleminshaw,47,4755,Mother
71,Tremayne Bussey,30,2861,1PyTSfTY,NonAgent,adrance1y@washington.edu,(849) 9772113,Aida Drance,73,2306,Sibling
72,Roselin Podd,62,85945,EC7U3Fc,NonAgent,mgoodred1z@epa.gov,(398) 7277491,Micah Goodred,71,2520,Sibling
73,Tymon Pordal,26,86853,T9w2Jrtq,NonAgent,jnipper20@symantec.com,(562) 5718098,Jude Nipper,41,1491,Sibling
74,Rene Brend,42,90046,qEvNCBx1wk,NonAgent,do21@europa.eu,(317) 6294096,Doralyn O' Hern,60,5965,Father
75,Lorianna Pitney,73,36989,FF1C9dVj,NonAgent,rscutcheon22@g.co,(430) 2488884,Rhodie Scutcheon,51,84,Sibling
76,Jeanna Malecky,73,67734,HxpdJgYkhF,NonAgent,echarity23@1688.com,(151) 5416145,Estele Charity,61,7936,Sibling
77,Kincaid Mesnard,63,27544,UsbuPK2YA3,NonAgent,mmacelharge24@who.int,(685) 7301628,Mose MacElharge,85,1062,Mother
78,Winonah Haquard,38,74367,CWDGYM,NonAgent,ibrason25@drupal.org,(489) 8224231,Irma Brason,28,9915,Sibling
79,Lettie Bultitude,20,61854,iAv55jP,NonAgent,rduddell26@prweb.com,(593) 3750801,Raquela Duddell,88,6250,Wife
80,Royce Berrane,39,65353,s1rj8i,NonAgent,cpicard27@freewebs.com,(445) 8133725,Cynthy Picard,78,2650,Mother
81,Phelia Reen,99,76612,k2t40G,NonAgent,jpaulmann28@mapquest.com,(867) 6186702,Jerrie Paulmann,22,6345,Mother
82,Corrie Arnoll,52,25873,3ZlvQ6CY,NonAgent,jschruyer29@so-net.ne.jp,(675) 9847316,Jason Schruyer,38,4048,Secondary Relative
83,Edouard Revill,46,45396,mHxd7d,NonAgent,nsuller2a@last.fm,(187) 3016207,Nonah Suller,25,686,Sibling
84,Elyssa Humbie,100,74984,TORBAYfM8PW,NonAgent,ghouldin2b@independent.co.uk,(267) 4174097,Gweneth Houldin,33,4143,Husband
85,Regan Milson,48,27428,jh7Gdu0btS,NonAgent,hmanvell2c@creativecommons.org,(731) 7539916,Hashim Manvell,58,2895,Wife
86,Karna Karslake,79,36333,VoBkcFVm6,NonAgent,fwillars2d@sphinn.com,(839) 7704124,Fionna Willars,84,6942,Wife
87,Collete Lampart,90,24694,lzwzOGf,NonAgent,mleaney2e@linkedin.com,(684) 9883018,Marcia Leaney,55,8453,Sibling
88,Zoe Carluccio,30,90272,4aCOftU0p,NonAgent,chumes2f@wordpress.org,(649) 6095026,Curt Humes,76,6332,Mother
89,Rosemarie Scrivener,82,11193,zLcq9pUtYiT,NonAgent,cverduin2g@globo.com,(530) 6475577,Chiquia Verduin,67,8657,Husband
90,Troy Carthy,26,11439,nAqMJjHxJ,NonAgent,swhyatt2h@bbb.org,(375) 7661361,Shalom Whyatt,54,7223,Father
91,Herman Windibank,24,50126,aanXrgPV93,NonAgent,dfritz2i@gizmodo.com,(712) 6351073,Dru Fritz,24,6089,Father
92,Fifine Quoit,59,60290,FXnbmYUxW,NonAgent,gfisby2j@istockphoto.com,(415) 5759111,Gaelan Fisby,42,9860,Husband
93,Avis Trinbey,88,68768,tT2ISdnmkGm,NonAgent,asalkild2k@slideshare.net,(235) 7403378,Alta Salkild,86,2079,Mother
94,Keriann Beininck,18,81741,78lUMn,NonAgent,gcron2l@economist.com,(909) 1369942,Gerta Cron,52,730,Husband
95,Inglis Butland,39,14688,OcUhrtCB5Y,NonAgent,cstripling2m@fotki.com,(760) 1834007,Clevey Stripling,28,4968,Secondary Relative
96,La verne Scawton,92,57400,oVxZUmmZ,NonAgent,aillwell2n@fda.gov,(952) 4109107,Adlai Illwell,61,2173,Father
97,Federico Woolforde,32,37175,2yzQBo3,NonAgent,omiddell2o@answers.com,(684) 3756145,Orazio Middell,54,6870,Wife
98,Kitty Fairclough,37,98569,Xw5mOZVg5OS1,NonAgent,dheys2p@senate.gov,(833) 1620426,Dosi Heys,62,3337,Secondary Relative
99,Loni Beedom,92,54761,kJiYas6y,NonAgent,jivy2q@narod.ru,(284) 3566904,Jecho Ivy,36,7964,Husband
100,Solomon Lasham,94,65696,QOZSkzb,NonAgent,slorkins2r@usgs.gov,(930) 7489492,Samson Lorkins,41,1267,Sibling
101,Tanhya Robelin,31,48406,F0e3sq,NonAgent,cgoulstone2s@hugedomains.com,(855) 5301117,Cherrita Goulstone,66,3276,Mother
102,Chuck Lorman,47,63678,FFvvX9Z88ji,NonAgent,wprobey2t@oakley.com,(723) 1094876,Winston Probey,32,8338,Father
103,Mirabella Tremblot,80,46827,7v6t35skE,NonAgent,sgrimwad2u@blogs.com,(694) 5687868,Selig Grimwad,21,168,Husband
104,Lyndell Rudsdell,40,90007,8728yMoGGUT,NonAgent,obarsham2v@topsy.com,(960) 7775610,Orly Barsham,24,1169,Sibling
105,Eba Leeming,67,3723,cehvKQOJH,NonAgent,gfilkov2w@sogou.com,(539) 2356355,Gifford Filkov,63,2131,Wife
106,Dollie Furzer,27,22414,HmD0BF6dB,NonAgent,bcrowthe2x@blinklist.com,(697) 7832574,Barret Crowthe,57,6635,Secondary Relative
107,Haley Iskov,55,58005,bde0VtTSlOjk,NonAgent,bboni2y@un.org,(757) 5714574,Benedicta Boni,45,6051,Wife
108,Nataline Scammell,65,31544,mJYxb8cARZ00,NonAgent,jrickard2z@topsy.com,(121) 2143315,Jamison Rickard,44,9039,Sibling
109,Dusty McPharlain,76,94389,z6Z3OII,NonAgent,ojeannon30@netvibes.com,(574) 6793495,Oren Jeannon,86,6620,Wife
110,Law Earney,59,19094,Ju9wYkh,NonAgent,ncaush31@netvibes.com,(518) 3893803,Nonna Caush,61,4656,Father
111,Merrick Johannes,83,73306,cI9VvwXRi,NonAgent,bwilne32@cisco.com,(657) 9200802,Bibbie Wilne,41,4115,Mother
112,Wheeler Blundan,80,79733,LPz275,NonAgent,lmuirden33@slideshare.net,(883) 6498516,Lynette Muirden,37,725,Secondary Relative
113,Preston Minero,73,75416,wE7rzdE7BZ2,NonAgent,mmohammed34@altervista.org,(458) 2564734,Meir Mohammed,72,1113,Father
114,Candice Foxton,34,55799,GXUQagm54JE,NonAgent,smumbray35@google.ru,(220) 8841548,Stefano Mumbray,66,8394,Father
115,Lilly Matzkaitis,99,43798,sLrCTi3u,NonAgent,dshilling36@baidu.com,(805) 9554019,Dorthea Shilling,31,3763,Father
116,Mozelle Chaise,78,70483,IaG0RkIt,NonAgent,rcoltart37@vinaora.com,(909) 5305310,Reagan Coltart,30,7427,Husband
117,Patricio Dymock,36,35028,dv5Rz4qTXKb,NonAgent,fvarty38@over-blog.com,(256) 6902601,Frank Varty,53,2927,Mother
118,Tailor Igglesden,67,30131,Z5sK6Bk,NonAgent,samor39@themeforest.net,(729) 5035049,Salvador Amor,78,9163,Husband
119,Ermanno Claworth,79,89944,Q0Fi3dDb,NonAgent,zdelort3a@nationalgeographic.com,(162) 9541907,Zilvia Delort,52,181,Wife
120,Abbe Tomas,94,91197,bbNYkJtrj,NonAgent,oblyth3b@angelfire.com,(813) 2460485,Opaline Blyth,66,3993,Husband
121,Tanhya Volant,87,77487,dYva4yqAdWO,NonAgent,pmanass3c@umn.edu,(951) 6179153,Perry Manass,33,2102,Father
122,Arnoldo Turville,41,79180,91CYU8a,NonAgent,iluton3d@drupal.org,(968) 5742007,Isabelle Luton,79,4349,Husband
123,Kev Cristobal,83,81024,FIGmUm6EQmk0,NonAgent,ebrumhead3e@sciencedaily.com,(237) 6896781,Eada Brumhead,77,6568,Mother
124,Pavla Alasdair,46,57839,2XjoZVlFpQQ,NonAgent,gwhales3f@cnet.com,(745) 5864019,Garrek Whales,69,317,Wife
125,Marsh Percifer,67,11340,WepDAse0J5,NonAgent,dzorener3g@people.com.cn,(912) 3137593,Dorine Zorener,23,5805,Father
126,Ward Signorelli,25,19622,8fw3Iq6mg,NonAgent,jwhacket3h@pcworld.com,(451) 4591184,Jewel Whacket,48,1223,Mother
127,Dode Mulvany,99,30160,H4i51JAc9I,NonAgent,orudeyeard3i@nsw.gov.au,(723) 5198683,Orrin Rudeyeard,48,1098,Secondary Relative
128,Ailina Dumbelton,51,15172,zjmUGO,NonAgent,rburbury3j@wunderground.com,(737) 6214538,Rafaelita Burbury,49,1765,Mother
129,Sheena Burgis,74,835,xRtvoYhde,NonAgent,bbamblett3k@yahoo.com,(998) 9560452,Brooks Bamblett,44,4037,Husband
130,Suzi Ashbee,50,94552,hVwQcrotq,NonAgent,gbare3l@godaddy.com,(171) 3538511,Gawain Bare,83,8266,Sibling
131,Ferrell Rey,66,89781,fIGY9XsM,NonAgent,dfratczak3m@altervista.org,(369) 3162484,Deloria Fratczak,76,1951,Secondary Relative
132,Crosby Szymczyk,72,15871,uBmbBc,NonAgent,sverlinde3n@nbcnews.com,(792) 2876565,Sherlock Verlinde,83,2160,Husband
133,Adella Dyzart,61,13456,I3pTwI37A,NonAgent,kabramzon3o@prnewswire.com,(585) 8911790,Klemens Abramzon,49,2945,Father
134,Linet Tofanelli,32,77849,q3ygxKODTS,NonAgent,jleyson3p@cargocollective.com,(951) 4366918,Jammie Leyson,38,7559,Father
135,Bron Merrien,56,31129,V9dQBAvTOe,NonAgent,qoki3q@techcrunch.com,(884) 6711046,Quint Oki,65,8683,Husband
136,Brina Pasquale,64,48101,AzjxFt72m5,NonAgent,kcolaco3r@domainmarket.com,(985) 6592056,Katya Colaco,24,5280,Sibling
137,Benton Choupin,79,38155,mNW9VgD,NonAgent,pbartlosz3s@telegraph.co.uk,(225) 6513834,Phylis Bartlosz,28,4917,Father
138,Iseabal Hazel,87,21070,fxriXvX,NonAgent,ajerrold3t@cbslocal.com,(818) 8371883,Anet Jerrold,68,7984,Mother
139,Fitzgerald Fulep,57,84958,Gt1Iml89se,NonAgent,smeindl3u@devhub.com,(778) 9377764,Sam Meindl,56,6344,Sibling
140,Jasper Whytock,34,74892,EFVmO9,NonAgent,swase3v@photobucket.com,(611) 4750497,Sonni Wase,36,1859,Wife
141,Woodman Sabey,78,62454,qrqMPKmj1aD1,NonAgent,chorbath3w@google.com.au,(490) 4920146,Cullin Horbath,25,6200,Husband
142,Nadeen Fearns,74,66266,f1h792ubolO2,NonAgent,santonoczyk3x@discovery.com,(828) 9618433,Simone Antonoczyk,81,1084,Sibling
143,Carline Leithgoe,100,76472,OoLWbzdZt,NonAgent,vtrillo3y@europa.eu,(671) 5242645,Vanni Trillo,88,891,Sibling
144,Rolf Brumble,87,37441,YyIrCAfi,NonAgent,ematteoli3z@privacy.gov.au,(863) 3566303,Egan Matteoli,62,4166,Sibling
145,Idalia McPeice,34,8265,muBx2Yd,NonAgent,cbeecker40@amazon.co.jp,(881) 5401153,Candy Beecker,44,8599,Secondary Relative
146,Ernestine Showell,29,52031,ADsA22,NonAgent,mspick41@newyorker.com,(444) 3541517,Miles Spick,81,4994,Sibling
147,Magdaia Reubbens,91,71117,A6fqLJd4qD7r,NonAgent,akenan42@ted.com,(517) 8487544,Aileen Kenan,61,8746,Secondary Relative
148,Delila Burgne,59,94731,2E0gcRrYNC,NonAgent,alackey43@purevolume.com,(331) 3936592,Angelo Lackey,54,1038,Wife
149,Henryetta Gero,89,76752,KfVNyKWawL,NonAgent,csmallridge44@xinhuanet.com,(919) 1917805,Cosme Smallridge,68,9943,Wife
150,Michaella Tawse,39,35465,xEMiDUT,NonAgent,tplews45@1688.com,(194) 4406297,Titos Plews,85,5586,Husband
151,Vassily Vigne,65,11130,4WjtOPi5g8,NonAgent,bjohnson46@businessweek.com,(281) 2646576,Benny Johnson,49,231,Wife
152,Hew Gilbey,45,24900,YCk7ZOFteQN,NonAgent,tcruddas47@twitter.com,(800) 6703785,Trixy Cruddas,43,319,Sibling
153,Tallou Tattersdill,60,99387,KnE5WnrnXi,NonAgent,mde48@woothemes.com,(402) 1183911,Myca De Caville,62,3510,Wife
154,Chery Parr,25,85654,3as87S5Aond,NonAgent,gastlatt49@globo.com,(525) 7194667,Gabriellia Astlatt,79,2696,Father
155,Hamid Bridywater,73,30372,G4mYjs,NonAgent,rbrosi4a@deliciousdays.com,(812) 3650535,Raye Brosi,63,981,Father
156,Herb Callcott,100,6550,plzCU4vGOh9l,NonAgent,gcoath4b@bbb.org,(551) 7032083,Garland Coath,66,7991,Mother
157,Jan Bing,38,16696,kDy4hc3WxOk,NonAgent,mbolliver4c@myspace.com,(400) 7015863,Morley Bolliver,53,6512,Secondary Relative
158,Laurens Cussons,71,740,0xK9uGrj,NonAgent,bsurtees4d@rediff.com,(588) 5000111,Bondy Surtees,65,6613,Mother
159,Martguerita Marusic,32,29216,DS0OFnPIz,NonAgent,cdouberday4e@gnu.org,(843) 4126046,Carolyne Douberday,38,1766,Sibling
160,Allys Flaxon,79,40990,vJ9i6vd,NonAgent,elamport4f@fema.gov,(477) 3426438,Edythe Lamport,83,7753,Father
161,Lionel Rivelon,83,51555,td3M5ZLnaK,NonAgent,jde4g@army.mil,(486) 4044398,Jandy de Guerre,28,5897,Sibling
162,Ruben Yonge,79,98618,JrpM0mmcjxD,NonAgent,blindsay4h@yellowpages.com,(242) 9280570,Brod Lindsay,32,5246,Mother
163,Doro Calender,29,1283,zlgAJo,NonAgent,drosellini4i@nifty.com,(218) 1728037,Delainey Rosellini,22,9141,Husband
164,Zahara Mar,23,18302,Fm5HUfGof63,NonAgent,dpetegree4j@slideshare.net,(567) 1771957,Dana Petegree,30,3117,Secondary Relative
165,Nahum Pittel,23,55453,oCO5u5XSdBkb,NonAgent,adauby4k@mapy.cz,(957) 1275865,Adolph Dauby,36,9781,Sibling
166,Erny Escolme,99,66056,r0S4GkYc,NonAgent,fchalker4l@wix.com,(824) 4415561,Ferguson Chalker,59,1162,Father
167,Louie Goulston,100,92860,2ci0Kn50Giw7,NonAgent,tklessmann4m@smugmug.com,(359) 1494101,Thaddus Klessmann,54,2423,Mother
168,Maddie Pedley,57,35441,TJXeSBRn9m,NonAgent,afurze4n@skyrock.com,(199) 5258768,Ashlen Furze,29,8248,Mother
169,Lacey Tomkinson,58,59104,FXMwX4tKBMU,NonAgent,ilingwood4o@umn.edu,(729) 3518005,Ignazio Lingwood,64,2672,Secondary Relative
170,Gabriela Cudworth,48,13967,NBQ7bg,NonAgent,krowberry4p@ezinearticles.com,(403) 5112318,Koo Rowberry,44,1561,Wife
171,Tybi Teffrey,40,24820,Vz10XeW,NonAgent,fhaskayne4q@youku.com,(389) 7657446,Fallon Haskayne,67,313,Husband
172,Louisa Scowcraft,54,63407,2OAofRzq,NonAgent,ealeksidze4r@newsvine.com,(863) 6299969,Erhard Aleksidze,69,9245,Secondary Relative
173,Levin Corde,75,50667,0JyVVrjEO8Wd,NonAgent,lhowselee4s@tinyurl.com,(790) 3270997,Lydie Howselee,40,8372,Secondary Relative
174,Cori Renyard,56,21326,r033nVc,NonAgent,aburkinshaw4t@liveinternet.ru,(533) 7966060,Alanna Burkinshaw,36,6782,Sibling
175,Aveline Lorenz,71,55488,K4In5o4cuwsi,NonAgent,pnathan4u@wufoo.com,(559) 7914812,Panchito Nathan,57,2441,Wife
176,Jillane Espasa,96,62458,3Ff74CT3Y,NonAgent,vcronin4v@bing.com,(736) 9990616,Val Cronin,63,4895,Secondary Relative
177,Dierdre Matei,81,1806,pWOBsmfJ7F,NonAgent,pyacob4w@cornell.edu,(698) 8619779,Petronella Yacob,70,3783,Secondary Relative
178,Kliment McKeever,29,10355,zCE2NQU,NonAgent,dveracruysse4x@symantec.com,(684) 4225504,Daffy Veracruysse,33,1527,Husband
179,Kit Blind,81,76504,UwopyU,NonAgent,mcollison4y@gizmodo.com,(464) 2802328,Marshall Collison,38,5765,Sibling
180,Herbert Lickorish,95,82113,P3i7qo83Oo,NonAgent,hrevelle4z@wikispaces.com,(281) 1618860,Hirsch Revelle,85,410,Husband
181,Aretha Westcar,21,54559,NBjGa0m3Yo,NonAgent,wyurchishin50@tinypic.com,(722) 8346853,Wandis Yurchishin,63,5230,Sibling
182,Sybyl Butler,45,19155,2Arda6s,NonAgent,tambler51@feedburner.com,(187) 6085165,Tisha Ambler,25,6229,Husband
183,Rhianna Blew,69,69534,VBZ8UT,NonAgent,tkeymar52@toplist.cz,(829) 1059613,Tanny Keymar,38,1068,Mother
184,Angelle Honeyghan,36,57054,XQxcxWN2q,NonAgent,rseymer53@trellian.com,(431) 7679446,Ree Seymer,78,7841,Father
185,Kanya Candelin,35,95215,hS8ExJa,NonAgent,mhenriques54@gravatar.com,(964) 1838172,Mattias Henriques,74,640,Father
186,Crin MacGebenay,47,30058,LLOq6i,NonAgent,iguildford55@sina.com.cn,(538) 6462300,Inger Guildford,42,8175,Father
187,Lombard Borrow,79,36795,tAd0j2q,NonAgent,cwolstenholme56@instagram.com,(357) 6431509,Corie Wolstenholme,64,7851,Mother
188,Hieronymus Amberson,72,26107,2szBzTdLo,NonAgent,lhallen57@hostgator.com,(256) 8873475,Lorraine Hallen,45,1944,Husband
189,Franky Rowson,64,31273,9S04DsccX8,NonAgent,ccassius58@msu.edu,(695) 1705069,Chadd Cassius,40,9437,Sibling
190,Katleen Varnes,82,17313,665Ip3rC,NonAgent,olammie59@shareasale.com,(731) 4411469,Osbourne Lammie,53,3845,Mother
191,Burg Cavolini,50,63137,IEyEii,NonAgent,achasteau5a@amazon.de,(664) 1356583,Ailina Chasteau,38,90,Mother
192,Lurleen Croot,35,85147,VJ4va8vFqRYS,NonAgent,gvickers5b@eventbrite.com,(793) 8177609,Gracie Vickers,83,3699,Husband
193,Sullivan Busby,20,60953,UM1jjoJqFEy3,NonAgent,mgarden5c@instagram.com,(233) 7069159,Maiga Garden,71,7135,Sibling
194,Bette Haskett,75,91614,h5FLBL15b,NonAgent,kheimann5d@networksolutions.com,(702) 1835668,Kendricks Heimann,82,470,Wife
195,Zorah Pellett,77,33301,mWzJIOV,NonAgent,ckruszelnicki5e@patch.com,(566) 1750106,Carmon Kruszelnicki,34,3215,Sibling
196,Roxane Pinilla,27,48573,cVgvtNmcrlj,NonAgent,gferras5f@imageshack.us,(874) 6780704,Guthry Ferras,82,4483,Wife
197,Elsinore Burberow,57,88333,eAr6eNbruV7,NonAgent,dmacalester5g@usa.gov,(425) 3975207,Dionysus MacAlester,74,8010,Husband
198,Darya Duval,48,64714,oncUzqjXOeY,NonAgent,bkyne5h@cpanel.net,(529) 8028731,Ban Kyne,48,8212,Secondary Relative
199,Meg Rohlfing,36,7405,NRyESoOtaO,NonAgent,rbentick5i@yellowbook.com,(781) 7427791,Royce Bentick,39,4061,Secondary Relative
200,Silvia Beedell,94,47364,41REMCNC,NonAgent,dpietri5j@macromedia.com,(602) 7769891,Dina Pietri,51,4060,Mother
201,Ransom Cullum,57,73549,Cu2hg9AeoOBF,NonAgent,eellingworth5k@etsy.com,(674) 7169343,Ericha Ellingworth,39,6809,Sibling
202,Kora Delgardo,41,9330,ayeb8tsT,NonAgent,ajoyson5l@yandex.ru,(420) 6982373,Amalle Joyson,29,7858,Mother
203,Erin Yashnov,34,71568,2vagNXY1l8,NonAgent,hdecent5m@weebly.com,(395) 1505091,Huberto Decent,37,5784,Husband
204,Michaela Firks,20,49576,eOlURHWmx,NonAgent,bharsnipe5n@flavors.me,(232) 2869939,Bertrando Harsnipe,31,7489,Wife
205,Charlotte Byfield,32,86950,Ue7Whamz,NonAgent,morum5o@ox.ac.uk,(722) 8084996,Melloney Orum,40,3473,Wife
206,Berkie Robichon,78,78204,3uSbsBJi0jx,NonAgent,jgiovanazzi5p@imdb.com,(199) 7542657,Jacquenetta Giovanazzi,52,5424,Secondary Relative
207,Osbert Denslow,43,94653,3m08ZrQ,NonAgent,kmarfe5q@wp.com,(236) 1084572,Kendell Marfe,58,253,Secondary Relative
208,Shena Tocque,41,82558,MUf0KQy,NonAgent,wkincade5r@1688.com,(605) 9234541,Willamina Kincade,25,3499,Sibling
209,Reeva Templar,77,15444,trreiQ0fIDf,NonAgent,ihusbands5s@seesaa.net,(908) 2423626,Ilyse Husbands,68,2963,Husband
210,Juliet Golt,46,36107,iXBe2N8Oh6mJ,NonAgent,mcheesman5t@fotki.com,(547) 8328390,Mora Cheesman,62,1364,Wife
211,Adella Tuckwell,92,14670,snRnXypj,NonAgent,mmumbray5u@cocolog-nifty.com,(729) 2585537,Mozes Mumbray,79,5642,Sibling
212,Yank Cawthery,75,67918,KL2JNEYmnxRh,NonAgent,chounson5v@angelfire.com,(143) 5152850,Carolus Hounson,37,4217,Father
213,Eleonore Hardstaff,82,71870,R5P7G1vl1Dc,NonAgent,mparram5w@myspace.com,(334) 9524529,Mannie Parram,22,4263,Secondary Relative
214,Kort Lorant,81,90814,AFtkMUnyC,NonAgent,aconan5x@nsw.gov.au,(395) 7654068,Antoni Conan,76,3642,Father
215,Jemima Abrahamoff,67,36901,shtDKYjJend,NonAgent,jpenson5y@hexun.com,(678) 5070509,Johnathan Penson,49,2192,Mother
216,Giacinta Lambrecht,80,52637,ScQrNA,NonAgent,mdonati5z@furl.net,(571) 9910552,Moses Donati,65,1274,Father
217,Mattias Esposi,47,25731,LnIxG1Jp,NonAgent,hodriscole60@trellian.com,(702) 9449865,Hilton O'Driscole,22,3058,Husband
218,Veronike Dunsford,91,24533,WG6aa4o,NonAgent,obickerstasse61@house.gov,(594) 5289276,Olly Bickerstasse,71,7207,Sibling
219,Eveleen Palk,43,8180,aNHyHVKLmD,NonAgent,jgawkes62@qq.com,(300) 6833688,Joly Gawkes,69,8776,Sibling
220,Dru Ledster,32,79276,QpUvAROyz,NonAgent,jcardno63@salon.com,(243) 9606967,Jemie Cardno,48,5703,Mother
221,Brewer Gajewski,100,98677,AbKmDjn,NonAgent,gchittleburgh64@time.com,(789) 7095803,Gratiana Chittleburgh,79,3129,Father
222,Eran Biles,62,28543,MhzSRJRzbR9C,NonAgent,kkohler65@cnn.com,(287) 8659761,Korney Kohler,24,9855,Sibling
223,Darin Nials,83,2147,mYdwIce,NonAgent,abloxland66@geocities.com,(246) 5339541,Aubrette Bloxland,56,2516,Husband
224,Ronni Gregor,97,42528,U1WT6D5af,NonAgent,wmariaud67@delicious.com,(664) 6909382,Willy Mariaud,56,4994,Father
225,Raynor Ondricek,55,2013,JwCXVYVgAyqH,NonAgent,wprestner68@marriott.com,(778) 1132360,Westleigh Prestner,31,2135,Father
226,Ermina Maskrey,68,83725,RIRKcRXGGPQ,NonAgent,vgovett69@cmu.edu,(662) 1216240,Vite Govett,26,5630,Wife
227,Myranda Bake,97,36572,To37qwaGs7,NonAgent,oturbern6a@java.com,(912) 2433997,Oswald Turbern,49,2720,Husband
228,Pegeen Lamartine,100,23071,OMKxSaD4ewQ,NonAgent,cwallhead6b@gravatar.com,(776) 3086187,Cash Wallhead,57,8143,Secondary Relative
229,Lyndsie Yantsurev,80,90952,esaNyNt0A,NonAgent,rropars6c@163.com,(554) 9273675,Rayshell Ropars,45,8030,Father
230,Irvin Weddeburn - Scrimgeour,73,64219,4abc1eB,NonAgent,pkeasley6d@addthis.com,(742) 4484180,Pyotr Keasley,52,496,Husband
231,Hamil Geard,81,97568,Gv4LaVovJsRy,NonAgent,nvanyashin6e@phoca.cz,(381) 4580662,Norah Vanyashin,31,7955,Wife
232,Lucien Klulisek,67,71736,5yiPMlj8I,NonAgent,nsapson6f@lycos.com,(916) 5600089,Noe Sapson,62,5252,Wife
233,Filia Sellers,95,2058,eyhsyvj6g,NonAgent,rsecretan6g@europa.eu,(700) 9609680,Ram Secretan,36,9852,Mother
234,Grayce Barck,35,28977,WKmzoZmpj,NonAgent,hvigurs6h@msu.edu,(773) 1778401,Happy Vigurs,71,2604,Secondary Relative
235,Micki Elmer,20,89142,2BnrvCxF7nm,NonAgent,lwestern6i@nymag.com,(242) 5285693,Lucias Western,23,9259,Father
236,Georgena Clementet,48,29718,UDwGDYC,NonAgent,bhannum6j@dailymail.co.uk,(922) 5609472,Bernadene Hannum,74,7904,Secondary Relative
237,Ferdy Syplus,61,33899,YZL7K2,NonAgent,sallibon6k@wsj.com,(964) 2958757,Sibyl Allibon,78,2586,Father
238,Ingemar Clingan,25,99513,4mq7uF2XillL,NonAgent,dlynnett6l@fastcompany.com,(914) 6457689,Derrek Lynnett,88,1311,Mother
239,Guinevere Ficken,75,80717,WyEnP95DR3,NonAgent,jmarcus6m@dyndns.org,(917) 6240449,Jenilee Marcus,77,3865,Father
240,Marcela Estable,93,13824,u3ZY9kH5H6,NonAgent,derskine6n@state.gov,(803) 5410808,Dorisa Erskine,39,3087,Wife
241,Tilly Holdworth,96,9739,ETzj17j3l,NonAgent,folijve6o@shinystat.com,(964) 9416033,Fania Olijve,50,4276,Father
242,Jana Poser,40,97444,RiEkhrblqz,NonAgent,iludron6p@facebook.com,(235) 5150338,Itch Ludron,87,2773,Wife
243,Karrie Marsters,55,43978,rgXquXnGO,NonAgent,geassom6q@paginegialle.it,(806) 6264198,Granville Eassom,39,8834,Sibling
244,Terrel Helling,78,85512,dv7gOG,NonAgent,ajohnston6r@go.com,(382) 9616339,Aloise Johnston,31,2476,Mother
245,Ettie Stockoe,53,30861,2SkeUASSup2,NonAgent,madamovitz6s@gravatar.com,(458) 3590602,Marieann Adamovitz,37,5039,Wife
246,Mead Ughelli,82,80590,rVie8Sn,NonAgent,gcrosher6t@dion.ne.jp,(527) 1234218,Gilberte Crosher,44,3280,Father
247,Elias Kennerknecht,41,72174,wnoHScHY,NonAgent,tkillelay6u@globo.com,(943) 7751723,Thornie Killelay,62,285,Mother
248,Esmeralda Hains,91,78134,Vw6vP4RuaGk,NonAgent,brein6v@who.int,(305) 7814483,Bridgette Rein,75,8319,Mother
249,Melinde Tarply,73,90864,mtJR8C,NonAgent,rmordie6w@mashable.com,(736) 2886510,Rafa Mordie,44,249,Secondary Relative
250,Quintin Ambrosio,57,39043,W6vMknfGJ,NonAgent,crabl6x@skype.com,(877) 4700725,Corri Rabl,81,8017,Wife
251,Jule Eyckelberg,34,67680,TyI2fb7EYDe,NonAgent,amcmorran6y@mediafire.com,(773) 1430846,Aaron McMorran,24,7440,Mother
252,Noellyn Warde,19,53433,FiE2470iI2,NonAgent,sgilfoyle6z@skyrock.com,(484) 3758817,Sibeal Gilfoyle,64,1908,Mother
253,Marnie Dict,21,10205,8fYtTQ,NonAgent,udomke70@livejournal.com,(591) 1162800,Ula Domke,26,5791,Father
254,Leah Thorneywork,70,60765,uwA0VTLroI,NonAgent,strippick71@nba.com,(571) 6389922,Seline Trippick,82,6818,Mother
255,Berkeley Tansley,31,53986,l3hoVdDO,NonAgent,ttingey72@chicagotribune.com,(194) 7099088,Truda Tingey,59,8546,Sibling
256,Isadore Frodsham,62,17936,QJxGuhh,NonAgent,msenett73@creativecommons.org,(951) 1217833,Mureil Senett,49,7791,Husband
257,Garrett Blazej,31,34091,BNidXS,NonAgent,madmans74@de.vu,(156) 4950993,Mallory Admans,78,6862,Wife
258,Stephanus Chesher,91,18122,pgwom4eFKe7,NonAgent,lthomsen75@usatoday.com,(228) 6155856,Lanny Thomsen,74,7565,Wife
259,Gabie Unstead,62,19231,m2kk9TY,NonAgent,cfrancomb76@vkontakte.ru,(225) 5730280,Chariot Francomb,58,1376,Sibling
260,Langsdon Smorthit,20,26844,ZlZgJ6LJjXs,NonAgent,cdyhouse77@ca.gov,(486) 5005319,Cy Dyhouse,58,9013,Father
261,Martainn Trunby,83,28392,uKrRKkHw,NonAgent,bskillitt78@yellowpages.com,(238) 2022868,Birdie Skillitt,47,8359,Husband
262,Maryellen Cleugher,43,14102,ceQVNK5zLg,NonAgent,emasedon79@uol.com.br,(395) 6277301,Earlie Masedon,42,8136,Father
263,Walt Ebi,49,99857,7GlpVNrhBZwM,NonAgent,smaddigan7a@webeden.co.uk,(781) 8747754,Sibyl Maddigan,87,7895,Secondary Relative
264,Mayor Tutt,28,34480,gtdbxQxN,NonAgent,ncollister7b@biblegateway.com,(958) 9160719,Nick Collister,29,6465,Secondary Relative
265,Sibyl Maskell,31,1504,U20jJlo0La,NonAgent,sliddyard7c@nhs.uk,(644) 8038147,Shandie Liddyard,25,4012,Wife
266,Catha Cohen,41,66808,FEw1BGkdREBl,NonAgent,kweavers7d@ibm.com,(175) 3136372,Kile Weavers,21,6182,Father
267,Immanuel Hallagan,94,53245,WtVJ1pVg,NonAgent,amcilwreath7e@lycos.com,(851) 9649459,Arnold McIlwreath,41,7196,Mother
268,Allianora Bauckham,92,90428,eZi1ug,NonAgent,aaldrick7f@china.com.cn,(595) 1964286,Abie Aldrick,54,3618,Secondary Relative
269,Arney MacCahey,80,72676,yKXrfrZBNj,NonAgent,alebell7g@gizmodo.com,(315) 6109947,Addie Lebell,43,3101,Father
270,Hubie Ettritch,66,28541,TGP9PMzGvDQ,NonAgent,afenkel7h@mediafire.com,(338) 7652975,Antonius Fenkel,59,1942,Secondary Relative
271,Myrlene Rumke,39,29307,1OH0yIFqm,NonAgent,cfritchley7i@godaddy.com,(695) 6515386,Chelsy Fritchley,70,8137,Mother
272,Dinnie Davern,54,34669,7rS0SDFO3y,NonAgent,jjills7j@ftc.gov,(432) 3253862,Janeta Jills,44,6668,Father
273,Welby Janks,18,97725,oKDkJzrURLc,NonAgent,esofe7k@seattletimes.com,(428) 2596262,Elvin Sofe,43,7616,Wife
274,Randell Omand,44,47101,FAJAgUjed4u,NonAgent,sbinfield7l@unc.edu,(862) 7736518,Shelagh Binfield,80,9071,Father
275,Mortie Carberry,99,37214,pMPwt5T,NonAgent,ffenners7m@vimeo.com,(597) 2446794,Freddi Fenners,61,5416,Secondary Relative
276,Nyssa De Simone,94,67225,cxKFD6pv0,NonAgent,bshipton7n@histats.com,(793) 4653032,Bette Shipton,30,9236,Wife
277,Leola Blatchford,54,97953,KKJWafZ,NonAgent,strustie7o@shop-pro.jp,(435) 7080211,Solomon Trustie,62,7577,Father
278,Olin Cranstoun,62,33885,t9b9Un,NonAgent,sparzizek7p@gnu.org,(441) 3299418,Sibyl Parzizek,78,656,Father
279,Arv Headings,68,87159,e5xlByYAjI,NonAgent,brossey7q@gizmodo.com,(565) 2788612,Brok Rossey,38,4580,Father
280,Naomi Venton,66,61525,LRoOQTjY,NonAgent,lle7r@ox.ac.uk,(192) 8295185,Lorne Le - Count,50,9624,Mother
281,Linnie Cleaveland,50,59527,1jFCOknXdh,NonAgent,ahellis7s@baidu.com,(950) 1744601,Anton Hellis,45,7684,Secondary Relative
282,Demetri Whalebelly,67,75930,tSU55JE6,NonAgent,sriggey7t@amazon.co.uk,(847) 8246670,Sebastien Riggey,36,5092,Husband
283,Floris Shakelade,30,85279,sdIwiefGuAl,NonAgent,hburstowe7u@is.gd,(965) 8470053,Horatio Burstowe,21,1626,Mother
284,Amandie Webley,26,25798,nNR8wNa7,NonAgent,amcgregor7v@google.com,(963) 3773783,Annecorinne McGregor,83,7042,Father
285,Patsy Robjohns,26,47953,SJimxRt,NonAgent,ttenman7w@aboutads.info,(128) 7656952,Townie Tenman,31,1314,Sibling
286,Marni Pinches,30,87070,2cNk2oEm,NonAgent,cashness7x@about.com,(324) 3938649,Catharine Ashness,47,622,Husband
287,Jaine Thomazet,30,15726,OCmuOLW,NonAgent,clomasna7y@hp.com,(681) 1544246,Cassi Lomasna,88,7902,Wife
288,Angel Goburn,33,89492,rrPGOdYt,NonAgent,kpenney7z@comsenz.com,(577) 7215739,Kalinda Penney,43,6286,Father
289,Elene Simeone,31,25125,mL5str3hd,NonAgent,ecarnall80@skyrock.com,(393) 2369706,Erastus Carnall,40,6594,Mother
290,Marty Von Brook,85,83672,0xZszHKBZ,NonAgent,bwybrow81@nyu.edu,(946) 2524502,Bernadine Wybrow,42,6871,Secondary Relative
291,Willard Blakey,88,38219,GGiteGRuLUy,NonAgent,cvazquez82@parallels.com,(645) 9487083,Codie Vazquez,59,5134,Father
292,Perice Jest,91,61302,87NTzAa4,NonAgent,miacofo83@yellowpages.com,(398) 4862109,Murray Iacofo,75,6553,Father
293,Zane Langelaan,32,46302,9pySIS,NonAgent,gacors84@alibaba.com,(432) 8438286,Gloriana Acors,80,4576,Wife
294,Herve Palphreyman,92,31351,WYbXGo1PEpkV,NonAgent,mhutchcraft85@mysql.com,(673) 5284237,Melva Hutchcraft,34,4246,Father
295,Abbot Spoward,100,47876,iOG1or0O,NonAgent,rfrossell86@sitemeter.com,(321) 6798164,Ransell Frossell,73,7104,Father
296,Cal Zannotti,61,11688,L3EAebRs,NonAgent,vgrimmert87@cornell.edu,(333) 9744064,Vera Grimmert,51,3020,Mother
297,Werner Abby,37,70268,FAt3Q6Q,NonAgent,rhawgood88@barnesandnoble.com,(563) 8263166,Robena Hawgood,39,8530,Sibling
298,Leila Drysdell,96,75401,JNja0UT,NonAgent,afinessy89@gmpg.org,(930) 4086792,Allsun Finessy,27,8735,Secondary Relative
299,Emelen Collocott,100,11971,p8X9A5JYN,NonAgent,pderges8a@51.la,(460) 3018019,Patton Derges,74,8918,Husband
300,Clayborn Belvin,21,29216,kuoBut,NonAgent,vchadney8b@imageshack.us,(817) 9552185,Vania Chadney,58,3117,Sibling
301,Bobinette Danshin,91,15788,HMw6u4WoAcPf,NonAgent,erobatham8c@ocn.ne.jp,(442) 8934989,Elise Robatham,59,6536,Father
302,Sinclair Holme,38,49857,v8fRLqP,NonAgent,tgutcher8d@ifeng.com,(706) 5175149,Tilda Gutcher,57,6684,Husband
303,Sibeal Delafont,31,99757,ELP17gfb,NonAgent,lpenhale8e@timesonline.co.uk,(251) 5163690,Lay Penhale,76,7767,Mother
304,Janel Gareisr,65,95224,kg2AB41K5,NonAgent,amcginney8f@answers.com,(725) 1742702,Antonino McGinney,70,8158,Sibling
305,Moshe Clarkin,99,53294,xD4NlFLx61m,NonAgent,glebreton8g@homestead.com,(454) 2122274,Goober Lebreton,32,5496,Sibling
306,Cori Solano,49,70086,ZkGdFaxO6EQ,NonAgent,fpraill8h@dedecms.com,(715) 4575223,Fanny Praill,69,9361,Sibling
307,Micki Pryn,40,74489,eLBVcUK855,NonAgent,acowely8i@china.com.cn,(162) 5481787,Alvinia Cowely,88,6802,Husband
308,Forest Goldsack,47,226,qieT3D6D,NonAgent,kstygall8j@zimbio.com,(326) 9825922,Kerk Stygall,77,7813,Mother
309,Yasmin Pesterfield,43,46018,BbetgKxcr6,NonAgent,rdelucia8k@opensource.org,(212) 5707288,Rowena Delucia,76,3528,Wife
310,Hilario Meneur,25,44397,KRejv7m1,NonAgent,jgoodbarr8l@java.com,(590) 5084814,Jessi Goodbarr,85,5203,Husband
311,Lonee Matteris,69,83632,ElzZWiejQ,NonAgent,bgosford8m@mail.ru,(592) 5631393,Birgit Gosford,78,800,Wife
312,Kerry Schinetti,75,2453,J5SpXK9x1,NonAgent,uballance8n@shinystat.com,(504) 2944878,Uri Ballance,29,8328,Wife
313,Faustina Mingay,22,24885,t6z021Sr,NonAgent,rchishull8o@businessweek.com,(106) 6516991,Raffarty Chishull,22,4034,Wife
314,Gilburt Akam,55,86549,AfS8lVEgv0T,NonAgent,frosterne8p@guardian.co.uk,(882) 2611663,Fredrick Rosterne,75,9347,Mother
315,Caryn Rides,90,391,L3mDSw1CIO,NonAgent,scurthoys8q@qq.com,(397) 4652077,Son Curthoys,25,1884,Father
316,Pamela Scase,58,4023,OH5zq69bO1,NonAgent,dgajownik8r@chronoengine.com,(890) 2257157,Demetrius Gajownik,58,7984,Mother
317,Brook Brownsworth,24,4508,LAiTsoVm,NonAgent,mgittins8s@nps.gov,(818) 9681168,Mathias Gittins,74,3069,Father
318,Hermina Crippill,78,17741,sBT2yUMA7,NonAgent,csmallacombe8t@google.pl,(736) 4521233,Corena Smallacombe,81,8124,Husband
319,Elga D'Elia,75,65950,Wca2ZdM,NonAgent,mmissen8u@ihg.com,(758) 1690704,Malvin Missen,29,8679,Mother
320,Doro Martinek,95,4765,28cN07x,NonAgent,bweeden8v@merriam-webster.com,(403) 9603618,Babara Weeden,59,8198,Mother
321,Byram Palfery,66,10263,wHBHmp5ovaM,NonAgent,ghoulridge8w@shareasale.com,(738) 3758271,Gabrila Houlridge,39,839,Sibling
322,Lucienne Chung,79,31294,UsK4mMg7l,NonAgent,fblaszczyk8x@sourceforge.net,(865) 8200793,Flossi Blaszczyk,40,7433,Wife
323,Katerina Grishelyov,62,33630,kvWGH9Yb,NonAgent,rsmail8y@photobucket.com,(800) 4053960,Rowland Smail,44,952,Secondary Relative
324,Page Schuster,55,83819,HuKqAyD4ycJm,NonAgent,cda8z@adobe.com,(919) 7072340,Candy Da Costa,69,7477,Wife
325,Honor Doylend,49,66685,huX3MoYpL,NonAgent,ncarter90@pbs.org,(732) 1433402,Nickie Carter,78,5105,Secondary Relative
326,Ebenezer Olander,69,11312,2I9HsZa0ZOb,NonAgent,rpays91@woothemes.com,(874) 7175035,Rogerio Pays,51,2764,Father
327,Kelley Yter,61,44554,fsG8ba2x,NonAgent,gsellers92@smugmug.com,(621) 1296474,Giordano Sellers,46,1651,Wife
328,Willi Crotty,55,97297,ZmisKl,NonAgent,jasey93@jigsy.com,(287) 4519328,Joice Asey,29,8390,Mother
329,Julissa Boullin,43,93086,U1NGhHSsuQ,NonAgent,rbeernaert94@nationalgeographic.com,(163) 1739664,Roxy Beernaert,22,4114,Sibling
330,Kissiah Leary,56,2440,9L4a9Wt,NonAgent,jlark95@godaddy.com,(241) 7998626,Johnnie Lark,33,7616,Mother
331,Oswald Lyffe,19,73470,fwKn2js497,NonAgent,kmindenhall96@yolasite.com,(981) 1078790,Keelia Mindenhall,84,6914,Mother
332,Joscelin Elcombe,32,62382,6eaIIfikg,NonAgent,dblundin97@economist.com,(559) 3232785,Dix Blundin,83,8457,Father
333,Benoite Ollet,45,38681,MyeMA25nu5v,NonAgent,cwatford98@earthlink.net,(512) 7239068,Corabella Watford,75,4770,Husband
334,Aubree Kem,99,68853,54Du0oy6,NonAgent,blindenstrauss99@fc2.com,(951) 1797646,Bert Lindenstrauss,88,7571,Mother
335,Danell Laye,67,17235,ea3jfIaKJFI,NonAgent,vgewer9a@paginegialle.it,(401) 6040581,Valle Gewer,50,9010,Wife
336,Ivar Spino,72,16103,2YCQqNMANhEP,NonAgent,aharesnaip9b@sina.com.cn,(777) 3479898,Amity Haresnaip,88,2856,Husband
337,Trumann Balshen,52,14603,sjU6jN,NonAgent,ddi9c@usa.gov,(170) 1541359,Danya Di Ruggiero,69,8164,Husband
338,Claire O' Kelleher,51,69443,FL0rJY,NonAgent,iswateridge9d@tiny.cc,(300) 6605115,Indira Swateridge,47,7322,Secondary Relative
339,Tonye Dodimead,48,97866,EhLBv1Y8DPct,NonAgent,iroscow9e@miibeian.gov.cn,(913) 1209167,Illa Roscow,34,6900,Father
340,Stirling Manoch,63,80816,BwhigJTF,NonAgent,eheathorn9f@friendfeed.com,(287) 4083658,Ellis Heathorn,29,7284,Secondary Relative
341,Meridith Kinchington,94,40030,ZopV6c,NonAgent,jstrete9g@yahoo.co.jp,(951) 7799045,Janaye Strete,21,2098,Wife
342,Esma Bruyett,93,81327,TkJguru,NonAgent,jtugwell9h@ask.com,(264) 4271770,Jacinda Tugwell,30,3959,Wife
343,Jessalin McCurtin,43,92336,XmSQJ1DCeO,NonAgent,aharvey9i@bbc.co.uk,(289) 7862849,Avictor Harvey,61,7654,Secondary Relative
344,Blair Wescott,95,66084,YO5UwpRbb,NonAgent,vsavine9j@g.co,(578) 1395815,Vita Savine,41,9465,Secondary Relative
345,Demeter Cheng,25,92618,Ry3RG5jP,NonAgent,cbelf9k@quantcast.com,(306) 1232086,Coralie Belf,28,6064,Secondary Relative
346,Stern Bartholomew,29,45802,EQB416WF6I,NonAgent,bszymanski9l@yellowbook.com,(345) 4719952,Benedict Szymanski,32,2504,Husband
347,Davidde Bassingden,84,5437,XsPyRG8WJQ,NonAgent,npass9m@edublogs.org,(454) 5478731,Nerita Pass,67,5790,Husband
348,Pen Frankcom,64,78447,Ztp2Ln9UlP,NonAgent,kgilham9n@toplist.cz,(783) 4363121,Kellby Gilham,86,8344,Wife
349,Samantha MacArd,35,87524,K14iYi6N6X,NonAgent,kcrafts9o@yellowbook.com,(380) 6364695,Karolina Crafts,61,5197,Father
350,Pembroke Revitt,55,75747,DwafFL,NonAgent,hmichallat9p@ucsd.edu,(591) 6927718,Hunt Michallat,22,5,Sibling
351,Merilee Mully,27,52237,dg3jCCdz,NonAgent,ksaltern9q@cnbc.com,(958) 8165823,Kriste Saltern,52,6381,Wife
352,Danyette Crossthwaite,44,63633,6wNIREsZ3G5b,NonAgent,pscudder9r@seesaa.net,(203) 3649447,Pinchas Scudder,45,631,Mother
353,Madlen Vanni,79,95378,3cnoa3Oyj,NonAgent,byakubovich9s@thetimes.co.uk,(694) 8610357,Basile Yakubovich,58,3796,Father
354,Markus Scouler,73,25277,I24uQUugdLo,NonAgent,mlancley9t@shop-pro.jp,(110) 9015618,Marion Lancley,32,3940,Sibling
355,Leshia Stayte,18,58327,MofE18z,NonAgent,gnyles9u@gov.uk,(734) 4157034,Gonzalo Nyles,85,1642,Mother
356,Keen Tarquini,27,99566,wLkdPq,NonAgent,vpetrishchev9v@spotify.com,(586) 3807253,Vere Petrishchev,26,368,Mother
357,Marlie Tieraney,86,86170,mSqAAXwfu,NonAgent,rmockett9w@paginegialle.it,(886) 4571517,Rubin Mockett,32,109,Secondary Relative
358,Johannes Farlowe,70,64744,Fc0OgQuLoGd,NonAgent,ashalcros9x@studiopress.com,(160) 5626232,Annie Shalcros,81,5055,Mother
359,Freeman Dann,63,72328,NchM80,NonAgent,averriour9y@accuweather.com,(666) 8261855,Allyson Verriour,26,9001,Father
360,Tisha Sheldrake,27,40440,D9ucxvz9n,NonAgent,nraeside9z@yahoo.com,(869) 5545760,Natalya Raeside,31,6550,Sibling
361,Evelina Kaiser,46,63520,lDjNrks9Ax,NonAgent,bculpa0@xrea.com,(248) 6082709,Becka Culp,79,5681,Sibling
362,Ruddie Musk,54,1033,dtWpcR,NonAgent,ebuckella1@gmpg.org,(738) 5974450,Evey Buckell,22,5065,Wife
363,Mufinella Le Huquet,53,31004,qlm5QYHgdD6,NonAgent,afantina2@mayoclinic.com,(213) 5527619,Alexis Fantin,40,9458,Father
364,Abbi Bandey,67,2684,zUc3UcI,NonAgent,dsirla3@people.com.cn,(990) 6533621,Don Sirl,38,5282,Mother
365,Brena Tither,31,71406,ZUmesRwsBidv,NonAgent,ggrassetta4@springer.com,(893) 1307283,Galvan Grassett,23,36,Sibling
366,Oliy Simner,29,37391,vDsXvDXZs1,NonAgent,ttorrecillaa5@slashdot.org,(508) 4871464,Tallie Torrecilla,83,7392,Secondary Relative
367,May Montilla,77,53730,WQoEAjaVH4,NonAgent,jdowleya6@bravesites.com,(129) 9282950,Jimmy Dowley,66,7600,Secondary Relative
368,Wain Arden,38,42280,Summ0qpVl,NonAgent,ksunnera7@ucoz.com,(326) 5504839,Kym Sunner,53,4564,Husband
369,Birk Froschauer,24,27773,rj1yOcw,NonAgent,adia8@chicagotribune.com,(212) 1537232,Angeline Di Iorio,61,3647,Wife
370,Edithe Tomanek,86,41498,wApv9K,NonAgent,ddiblea9@symantec.com,(273) 9331934,Daisey Dible,81,4004,Husband
371,Davina Palser,75,79315,MJ25wPo934,NonAgent,nsymondsonaa@symantec.com,(250) 2114809,Nelly Symondson,54,5046,Father
372,Archer Bruckmann,78,15909,gq0HAPp5CO,NonAgent,aeppleab@mapy.cz,(918) 4543742,Aldis Epple,24,9106,Sibling
373,Margie Joesbury,61,31243,VNMbaJseYscF,NonAgent,bskarrac@si.edu,(629) 1381081,Berry Skarr,70,4108,Sibling
374,Brock Mattiazzo,37,98218,FP3wdP,NonAgent,nlillicoad@creativecommons.org,(790) 2752004,Norrie Lillico,74,5228,Secondary Relative
375,Christoforo Rowler,61,55661,GmgCwMjBwAkv,NonAgent,kfokerae@illinois.edu,(940) 5375633,Kacey Foker,36,2329,Mother
376,Ruprecht Harriagn,74,75676,ViEL9ERua2WS,NonAgent,nszymoniaf@nymag.com,(799) 2916913,Nicolais Szymoni,83,2850,Husband
377,Avram Stooke,32,12388,b7xjdUN0,NonAgent,docridiganag@phoca.cz,(447) 5774064,Danice O'Cridigan,45,4986,Father
378,Shell Scollan,75,12725,iAO6SWIjd,NonAgent,rtruslerah@skyrock.com,(223) 2259322,Rudolph Trusler,80,4423,Sibling
379,Perice Tetsall,46,64094,avT9XnSgF,NonAgent,tbointonai@tamu.edu,(345) 1555700,Torie Bointon,82,3035,Husband
380,Aggi Harpin,71,87042,adGoc9S,NonAgent,eforberaj@mtv.com,(446) 5988312,Erick Forber,49,6196,Husband
381,Gweneth MacConnechie,97,19480,Ud5NJSzJ,NonAgent,bwillowayak@tiny.cc,(580) 1008402,Bernice Willoway,47,2923,Husband
382,Corinne Cumbridge,48,35229,2TrKaC,NonAgent,csturmeyal@phpbb.com,(706) 4441730,Chloe Sturmey,27,7262,Wife
383,Phip Kirkpatrick,47,99368,G1W9lmC,NonAgent,cidillam@techcrunch.com,(931) 3027166,Cortney Idill,53,7041,Husband
384,Vicky Longthorne,35,28670,gbvTWX,NonAgent,awharraman@squidoo.com,(510) 2361609,Allyn Wharram,83,7980,Husband
385,Erskine Alvy,34,58184,dxpUZm,NonAgent,taxcelao@yellowbook.com,(857) 3345467,Taylor Axcel,69,6950,Father
386,Deborah Allcroft,47,47130,XiQhmLQ,NonAgent,tcansdallap@wordpress.com,(519) 6734723,Theadora Cansdall,24,3146,Husband
387,Jerry Kimbly,29,82480,qejCwxD4rv,NonAgent,vrohfsenaq@multiply.com,(973) 8400786,Vernor Rohfsen,66,3158,Husband
388,Maxim Crooke,62,46879,uELTONsC,NonAgent,tbeeseyar@about.me,(377) 7329839,Timotheus Beesey,45,1431,Secondary Relative
389,Diena Batchley,41,73732,Va5vCEirK,NonAgent,wcommingsas@dyndns.org,(296) 1224091,Willi Commings,47,4979,Secondary Relative
390,Audry Hartland,57,25202,2THx9GmI,NonAgent,mmcgreadyat@omniture.com,(387) 8261533,Maryjo McGready,58,9973,Father
391,Belicia Desborough,99,30982,bQnGb544f,NonAgent,stantonau@vimeo.com,(655) 6189601,Stinky Tanton,56,1223,Wife
392,Carroll Jope,67,31939,8X3a4NcmS7W,NonAgent,santonescuav@reference.com,(450) 9888349,Shelbi Antonescu,29,3976,Secondary Relative
393,Ken Boucher,55,25272,ossWDVn,NonAgent,jwealleansaw@ed.gov,(443) 8108382,Johannes Wealleans,67,5505,Wife
394,Pooh Bracegirdle,68,70375,RFYurcIJn,NonAgent,jbordisax@123-reg.co.uk,(988) 8130929,Josie Bordis,44,3029,Husband
395,Kleon Ellsbury,44,79823,BjiyzDh65x,NonAgent,vhunsworthay@cargocollective.com,(399) 2193428,Vilma Hunsworth,75,8033,Husband
396,Rozamond Dmitrichenko,63,11904,nrtCo4MVu,NonAgent,hboweringaz@dailymail.co.uk,(658) 6504533,Hyacintha Bowering,50,1685,Wife
397,Joell Lorimer,97,76057,URFrKYs,NonAgent,ibrienb0@engadget.com,(771) 4831700,Ilene Brien,28,5389,Father
398,Keenan Gettings,32,53510,lTKTxCT,NonAgent,mdillawayb1@furl.net,(925) 2025089,Merrilee Dillaway,82,5144,Secondary Relative
399,Leontine Bourthouloume,25,75278,Z2GnJBn0fuB9,NonAgent,dminardb2@slideshare.net,(648) 3175103,Dillon Minard,63,794,Wife
400,Gene Mains,78,92302,9bN4vQ,NonAgent,dfozardb3@github.com,(635) 1289875,Delphinia Fozard,45,2543,Husband
401,Coreen Manion,95,13669,fxKxxJWocPa,NonAgent,pkenningtonb4@omniture.com,(992) 3382410,Paloma Kennington,54,7751,Father
402,Darice Martino,39,76243,pkoTGMZz0x,NonAgent,gcowlesb5@cloudflare.com,(489) 6176425,Goddard Cowles,61,4738,Husband
403,Rochella Alwen,78,11509,nXWjow,NonAgent,mbinnerb6@spotify.com,(974) 2201707,Mikel Binner,64,225,Wife
404,Herve Floch,56,42774,SaftMc2iun,NonAgent,kstrelitzerb7@gizmodo.com,(555) 6288831,Kipp Strelitzer,44,4878,Sibling
405,Cordie Bradly,84,17590,8CKigDgRu,NonAgent,jgammetb8@google.pl,(362) 5355189,Jessalyn Gammet,51,8099,Wife
406,Kennan Gately,80,64263,419QkkJgq,NonAgent,mtonkesb9@blogtalkradio.com,(847) 4830571,Marijo Tonkes,57,7687,Father
407,Neal Lyddy,74,91455,vZtz8BSRIry,NonAgent,ptinsonba@twitpic.com,(183) 3746098,Peterus Tinson,73,4745,Sibling
408,Antonie Patrick,68,57137,1X4S3Su,NonAgent,tjosovichbb@reuters.com,(610) 9818395,Thaddeus Josovich,68,8714,Father
409,Kanya Foakes,80,40089,qQVEFAEPP,NonAgent,chalversenbc@163.com,(215) 2346173,Celinka Halversen,51,3425,Wife
410,Kinny Drew,38,96416,FNvX3c6QU,NonAgent,jbithellbd@123-reg.co.uk,(159) 2775201,Joellen Bithell,79,3396,Secondary Relative
411,Fran Maddison,70,45821,dOzrvyhHaQ,NonAgent,bchandlarbe@mapquest.com,(836) 3268838,Blair Chandlar,37,1673,Mother
412,Etienne Westcot,50,40174,UoGnwvmcvSB,NonAgent,wcosserbf@un.org,(932) 7014575,Wilmette Cosser,36,293,Secondary Relative
413,Reinwald Sharrier,49,85619,yCwCA0U9Zm,NonAgent,cosburnbg@flickr.com,(435) 6097921,Corene Osburn,25,4038,Sibling
414,Caresse Brayn,68,86321,rIullge,NonAgent,tdacheybh@msn.com,(633) 2701067,Traver Dachey,62,2294,Wife
415,Wilmette Sargant,69,89812,ZOjA3w,NonAgent,mwyllcocksbi@google.ru,(501) 4307522,Milzie Wyllcocks,37,9115,Father
416,Staffard Gudeman,45,28185,bFDTsNjCVsO,NonAgent,bshenleybj@myspace.com,(448) 9076948,Bobbe Shenley,70,6724,Husband
417,Sally McAmish,72,28041,Inehu1,NonAgent,bgabbitasbk@zimbio.com,(316) 1408073,Bobbee Gabbitas,87,2735,Mother
418,Elizabet Westmarland,70,8820,2QpbjGkI2C,NonAgent,anendbl@ibm.com,(670) 6567544,Amy Nend,88,5949,Mother
419,Lorena McCaughey,49,62016,TfbzbRkSQNr,NonAgent,wcotmorebm@sphinn.com,(970) 8643676,Woodrow Cotmore,77,6302,Father
420,Eadith Welburn,18,88702,de7MrbjjpHkx,NonAgent,wmeasombn@wired.com,(369) 9669320,Wallace Measom,45,9090,Father
421,Edouard Semeniuk,68,20943,N10i6Y3YQoK,NonAgent,kscuffhambo@yahoo.com,(643) 3818052,Kristien Scuffham,49,9414,Mother
422,Tobi Tattersall,61,25666,U8AjXPKFBm,NonAgent,bhamnettbp@apache.org,(578) 4195483,Beauregard Hamnett,88,4189,Sibling
423,Starlin Foy,87,21989,3lWPVsA,NonAgent,fsalternebq@techcrunch.com,(735) 4769158,Fanchette Salterne,31,5789,Sibling
424,Maighdiln Crilly,85,78967,TRnEJ5QRctuv,NonAgent,sbillaniebr@pinterest.com,(132) 3159526,Shelby Billanie,35,9949,Husband
425,Pammi Maudett,58,28111,755AwDCuA,NonAgent,ldebs@wiley.com,(110) 6683821,Lurlene De Giorgio,49,6391,Father
426,Franky Gerault,18,40852,vmTGz1v,NonAgent,skillbt@imgur.com,(356) 1524956,Sydney Kill,27,5723,Sibling
427,Missy Olliver,39,95229,RkrJts1eB,NonAgent,vdionisettobu@apple.com,(774) 7667437,Vidovic Dionisetto,23,1845,Sibling
428,Francene Stead,98,22761,lLyaj55x,NonAgent,lzouchbv@washingtonpost.com,(863) 2548268,Luis Zouch,35,1382,Wife
429,Gianna Oppy,23,93217,ASlBqpPUx4,NonAgent,pinmettbw@delicious.com,(816) 5563808,Pavla Inmett,65,8008,Mother
430,Siffre Shervil,72,1071,gx6U6wpb0,NonAgent,kpettersbx@hud.gov,(420) 3109394,Kingston Petters,26,7777,Wife
431,Chandra Gabby,90,35350,8Gb8wepplD,NonAgent,dmacbeyby@fotki.com,(574) 9951993,Dre MacBey,46,6819,Secondary Relative
432,Teddie Pybus,94,71495,T01TWGGlY,NonAgent,alytellbz@guardian.co.uk,(228) 2597815,Antoine Lytell,33,3902,Secondary Relative
433,Tybalt Auton,43,98421,nfYl8b,NonAgent,anewmanc0@flickr.com,(691) 2037559,Adeline Newman,88,1714,Wife
434,Zita Kittel,89,51121,vTUogllI,NonAgent,oalphonsoc1@goo.ne.jp,(479) 7067185,Orlan Alphonso,86,3557,Sibling
435,Zondra Gillbee,52,9738,lPJ8zzUN,NonAgent,mchristopherc2@fotki.com,(632) 7013936,Merwin Christopher,45,4643,Mother
436,Langston Di Ruggero,19,36719,QHtszKho,NonAgent,tspellerc3@nyu.edu,(172) 6261956,Tuckie Speller,64,1659,Father
437,Cybil Masselin,30,25404,do8J8TcGHb,NonAgent,dosbidstonc4@linkedin.com,(203) 5878211,Delmor Osbidston,36,6795,Wife
438,Corina Munden,69,66844,uKCCUd,NonAgent,dcarlingc5@prnewswire.com,(330) 4350299,Davine Carling,83,9938,Father
439,Anitra Dudden,20,70483,k2z3xSYF7F,NonAgent,kkohlerc6@vinaora.com,(327) 6605493,Kelley Kohler,59,3300,Husband
440,Klemens Dowsey,56,19779,MWZXCMZ4ckM,NonAgent,fdallenderc7@naver.com,(980) 8339881,Fredelia Dallender,68,9432,Wife
441,Royce MacArdle,86,38422,2fTf8dR0OR,NonAgent,sbowdlerc8@cnet.com,(263) 4294533,Scarface Bowdler,22,3234,Sibling
442,Angy Gentry,27,2446,aYO9CU,NonAgent,iblanchc9@shutterfly.com,(272) 4786202,Ivonne Blanch,47,65,Mother
443,Ianthe Gingell,40,33843,3HmeD0,NonAgent,hschwandnerca@ehow.com,(788) 3170073,Halie Schwandner,57,1964,Sibling
444,Nelli Aisman,39,92154,qyQpPeObZk,NonAgent,nenioncb@webeden.co.uk,(143) 2507466,Nicholas Enion,50,4406,Mother
445,Meggy Pidgeley,82,9502,4Gq6FeYV,NonAgent,lmongancc@buzzfeed.com,(746) 9353502,Lura Mongan,24,4151,Wife
446,Damien Tidey,22,47665,MHI4V6YdkO,NonAgent,bkerncd@google.com.au,(690) 2881255,Basilius Kern,21,3945,Father
447,Agretha Bousquet,65,40949,aELNcbAaUe,NonAgent,spereirace@bloomberg.com,(749) 9477645,Sammy Pereira,54,9179,Husband
448,Lonnie Shiril,48,81573,NzDxQPRO,NonAgent,gslocumbcf@skype.com,(591) 3260482,Godiva Slocumb,68,9549,Mother
449,Emmalee Girardin,99,90984,7HgC2CmE6kF,NonAgent,otreencg@ted.com,(871) 2956732,Odetta Treen,23,8673,Husband
450,Reiko O'Fihillie,41,22724,P03uJr,NonAgent,kkeerich@unblog.fr,(478) 3532491,Kiele Keeri,79,2969,Father
451,Gene Benkhe,74,70182,aiqukLKubhp,NonAgent,chounsonci@linkedin.com,(834) 4771855,Claudius Hounson,63,9296,Father
452,Loralee Poat,72,30347,bdQRjtn,NonAgent,hjandakcj@prlog.org,(424) 5056808,Haleigh Jandak,58,3235,Sibling
453,Sheela Brownlie,92,11130,l2QsjbakQjP,NonAgent,fgristockck@amazon.co.jp,(849) 5196338,Fanechka Gristock,53,2972,Wife
454,Rorke Linbohm,50,41879,eE4x5U5g1ZC7,NonAgent,nhousecl@bing.com,(189) 3313256,Nap House,26,8535,Sibling
455,Rafferty Cowp,75,20191,nRbZfIS3,NonAgent,ggosnallcm@myspace.com,(643) 9412455,Gaynor Gosnall,62,8332,Sibling
456,Moe Horlick,81,22616,3HCCxlNGLA,NonAgent,kgrassickcn@google.co.jp,(435) 1410942,Kellyann Grassick,78,2533,Wife
457,Robin Harmour,30,64569,yae0lbQr,NonAgent,ssellimanco@networksolutions.com,(372) 8676299,Sonya Selliman,77,5228,Sibling
458,Talia Isard,86,46919,rvesIxq,NonAgent,cnaccicp@yahoo.com,(681) 5034143,Claudia Nacci,54,5944,Wife
459,Delly Daviddi,29,76952,WDdDldY7G,NonAgent,lfirebracecq@chron.com,(973) 4863829,Lawrence Firebrace,59,3107,Mother
460,Brandea Peet,34,85037,rPhecrq,NonAgent,bchristalcr@symantec.com,(524) 6471307,Bobette Christal,44,4284,Wife
461,Emmanuel Fidoe,18,27933,yJvrPTScCE,NonAgent,cpetrics@tumblr.com,(908) 3374131,Carolina Petri,38,669,Sibling
462,Saul Kelberman,44,56661,IyXD8cmCe,NonAgent,dcoakleyct@geocities.jp,(726) 3307432,Dulsea Coakley,37,7869,Wife
463,Flori Jamrowicz,71,52543,UQHkosFyp9,NonAgent,nkennellycu@51.la,(941) 5138685,Nell Kennelly,61,3603,Secondary Relative
464,Denys Gaythwaite,93,2224,JNQ7rGDf4X1n,NonAgent,idwerryhousecv@home.pl,(144) 4435510,Ingunna Dwerryhouse,53,6495,Father
465,Maddy Sankey,81,19035,WJWE2CZTY,NonAgent,jgouthiercw@prlog.org,(933) 3752496,Judy Gouthier,58,8884,Husband
466,Jarrad Doel,43,77121,tbAf97di,NonAgent,tmithoncx@histats.com,(414) 4719986,Teodoor Mithon,78,6732,Secondary Relative
467,Rriocard Delmage,31,75491,sSDwzg,NonAgent,ecrankhorncy@artisteer.com,(725) 1252826,Evin Crankhorn,42,7797,Secondary Relative
468,Felicdad Aime,68,22531,LfcnMJ,NonAgent,aswindellcz@de.vu,(169) 9919843,Annissa Swindell,68,2948,Wife
469,Ashien Quartermain,87,46280,uwuqsBZPWd,NonAgent,kladloed0@latimes.com,(919) 1543598,Kippy Ladloe,23,7637,Father
470,Lester Bolt,89,8436,6YvilZ0,NonAgent,mharborowd1@columbia.edu,(875) 1557644,Madelyn Harborow,80,2361,Husband
471,Gil Bratten,30,16778,EDYV009S,NonAgent,jronchid2@godaddy.com,(330) 3422470,Johanna Ronchi,72,1289,Husband
472,Elisabetta Paulucci,83,92967,vgcaBWC80,NonAgent,ffranciottoid3@soup.io,(294) 4642938,Florri Franciottoi,74,9437,Mother
473,Stepha Sisnett,56,15824,fMtHs79,NonAgent,jfranklind4@people.com.cn,(524) 3142848,Josie Franklin,30,1643,Husband
474,Cord Ioan,59,2298,0hV7zlQ,NonAgent,acowerdd5@soundcloud.com,(406) 3725986,Alfy Cowerd,60,4400,Husband
475,Martainn Crampin,33,66435,uHu8IU,NonAgent,urusbridged6@mapy.cz,(803) 5391912,Ulrike Rusbridge,33,4119,Secondary Relative
476,Karlyn Leisk,73,17419,vtr9hoe,NonAgent,jhlavacd7@histats.com,(615) 2431658,Janene Hlavac,60,10,Father
477,Cassie Rewan,40,58443,TSon3I3JP,NonAgent,ebaltrushaitisd8@dell.com,(120) 4401451,Eleonora Baltrushaitis,67,8552,Husband
478,Kial Munroe,90,39693,N6q5rpMTu,NonAgent,mginnallyd9@odnoklassniki.ru,(620) 9951960,Melinde Ginnally,65,4404,Sibling
479,Bunnie Axcel,19,40515,TsaBJ2vK,NonAgent,bbazireda@webeden.co.uk,(160) 5404484,Brigida Bazire,78,3498,Husband
480,Harli Swaddle,43,72302,GTciTfTTkjt,NonAgent,manyondb@nyu.edu,(524) 8593142,Merilyn Anyon,37,8310,Secondary Relative
481,Amory Grandin,47,49827,d4gE5ujL,NonAgent,asaundersdc@netlog.com,(961) 6359882,Aaron Saunders,37,5929,Father
482,Francene Gillaspy,49,29297,GC5i8EXYwjZX,NonAgent,bdedd@github.io,(229) 4334717,Bertie De Cruce,59,8827,Secondary Relative
483,Rice Hurt,92,53295,29Ec8mjbzy3,NonAgent,nhayerde@friendfeed.com,(496) 4438430,Nora Hayer,33,1563,Secondary Relative
484,Lorens Elmar,47,47925,CPF40R56OF,NonAgent,kblissettdf@de.vu,(231) 5911940,Kristo Blissett,52,3465,Secondary Relative
485,Kamilah Bamber,68,55124,qT75QyoCE,NonAgent,ddidg@clickbank.net,(382) 1930287,Daune Di Biasio,72,9951,Sibling
486,Ilsa Ferroli,24,84669,ssnGPA,NonAgent,rschimonekdh@bizjournals.com,(877) 6518268,Roshelle Schimonek,52,5241,Wife
487,Pennie Fredi,33,27122,QWAG3NClUWr6,NonAgent,sabatellidi@github.io,(299) 8929126,Sidonnie Abatelli,23,2870,Sibling
488,Amerigo Skully,59,30343,j8p6dYfuLrh,NonAgent,pshortalldj@bbc.co.uk,(293) 8020848,Pebrook Shortall,27,2573,Father
489,Osbourne Ulyat,54,74628,o18R5tCFln,NonAgent,eirwindk@microsoft.com,(655) 9929078,Eldin Irwin,30,9922,Wife
490,Eleanora Castagne,35,50361,MdNffXS2v0Ag,NonAgent,nsimonaitisdl@about.com,(426) 5383639,Nataniel Simonaitis,59,2833,Mother
491,Deane Gilleson,60,54998,16hDr4o,NonAgent,dedesondm@example.com,(209) 9229478,Dario Edeson,35,6324,Secondary Relative
492,Clemente Rasmus,45,97983,xLfWkE,NonAgent,atimminsdn@virginia.edu,(963) 2353114,Alva Timmins,25,9048,Wife
493,Leonelle Soule,53,97048,nDHKqg,NonAgent,gackerleydo@skyrock.com,(771) 9338681,Gianni Ackerley,78,3056,Sibling
494,Paulette Minerdo,21,91848,P5nIUi,NonAgent,hbowerdp@infoseek.co.jp,(300) 9545630,Hastings Bower,44,5560,Mother
495,Joella Webborn,33,78529,0oWNj6d,NonAgent,mluthwooddq@storify.com,(145) 4278357,Monika Luthwood,50,5213,Wife
496,Angy Rosevear,33,3168,b4c6UEhG12,NonAgent,cseallydr@meetup.com,(398) 6316845,Candi Seally,51,3560,Mother
497,Sunny Figgess,86,42393,6wSTv8R,NonAgent,esextieds@usnews.com,(814) 8386529,Elenore Sextie,26,3891,Sibling
498,Ardeen Meneur,49,10605,ig3kv1oi65,NonAgent,mgeraghtydt@princeton.edu,(205) 2201185,Munmro Geraghty,24,4688,Secondary Relative
499,Archambault Fountaine,67,2157,6lnsUeNAV,NonAgent,cstowersdu@macromedia.com,(928) 1756580,Candra Stowers,39,2528,Wife
500,Raf Willars,42,20255,kW8gkZZf2AdK,NonAgent,scobbledickdv@joomla.org,(217) 9475182,Skippy Cobbledick,33,7699,Mother
